trapping_period,fragment,location_on_transect,utm1,utm2,elev,date_time_placed,time_placed,date_placed,date_time_removed,time_removed,date_removed,trap_duration_days,canopy height,canopy scope,ten,fifty,cecropia,miconia,slope,topography,gap,understory,habitat notes,notas,problem
TP-062,4,0,650443,42568,425,2014-08-02T11:35:00Z,11:35:00,2-Aug-14,2014-08-24T11:10:00Z,11:10:00,24-Aug-14,21.98263889,25,1,0,0,0,0,25,4,0,medium,NA,Left side of transect; did not turn on when removed on 24-Aug-2014,TP ends at last taken video
TP-063,4,60,650460,42511,412,2014-08-02T11:46:00Z,11:46:00,2-Aug-14,2014-08-24T11:16:00Z,11:16:00,24-Aug-14,21.97916667,17,1,0,0,0,0,25,4,0,medium,NA,Left side of transect,NA
TP-064,4,120,650473,42450,388,2014-08-02T11:54:00Z,11:54:00,2-Aug-14,2014-08-12T08:45:00Z,8:45:00,12-Aug-14,9.86875,20,2,1,0,0,0,42,4,0,medium,NA,Right side of transect,NA
TP-065,4,300,650451,42303,364,2014-08-02T12:23:00Z,12:23:00,2-Aug-14,2014-08-12T08:16:00Z,8:16:00,12-Aug-14,9.828472222,22,2,2,0,0,0,1,3,0,medium,NA,Left side of transect; close to mist net lanes,NA
TP-066,4,360,650430,42241,356,2014-08-02T12:35:00Z,12:35:00,2-Aug-14,2014-08-24T11:39:00Z,11:39:00,24-Aug-14,21.96111111,35,1,1,0,0,0,20,2,0,medium,NA,"Right side of transect, near mist net trail",NA
TP-067,4,420,650442,42192,348,2014-08-02T12:43:00Z,12:43:00,2-Aug-14,2014-08-24T11:44:00Z,11:44:00,24-Aug-14,21.95902778,34,2,0,0,0,0,40,2,0,medium,NA,Right side of transect,AM and PM Flipped
TP-068,4,480,650427,42127,343,2014-08-02T12:50:00Z,12:50:00,2-Aug-14,2014-08-24T11:48:00Z,11:48:00,24-Aug-14,21.95694444,34,2,1,0,0,0,18,2,0,medium,NA,Right side of transect,NA
TP-069,23,0,652801,42730,385,2014-08-04T12:51:00Z,12:51:00,4-Aug-14,2014-08-25T09:45:00Z,9:45:00,25-Aug-14,20.87083333,17,1,1,0,0,0,9,5,0,medium,NA,"left side of trasect, waypoint 584",NA
TP-070,23,60,652801,42675,376,2014-08-04T12:47:00Z,12:47:00,4-Aug-14,2014-08-18T08:19:00Z,8:19:00,18-Aug-14,13.81388889,24,1,2,0,0,0,8,5,0,low,NA,"left sde f transect, wapoint 583; didn't turn on when removed on 25 Aug 2014",NA
TP-071,23,120,652787,42622,381,2014-08-04T12:42:00Z,12:42:00,4-Aug-14,2014-08-25T10:11:00Z,10:11:00,25-Aug-14,20.89513889,29,1,0,1,0,0,15,4,0,low,NA,"left side of transect, waypoint 582",NA
TP-072,23,180,652792,42577,389,2014-08-04T12:37:00Z,12:37:00,4-Aug-14,2014-08-25T10:20:00Z,10:20:00,25-Aug-14,20.90486111,20,1,0,1,0,0,19,4,0,medium,NA,"left side, 581",NA
TP-073,23,240,652805,42529,366,2014-08-04T12:30:00Z,12:30:00,4-Aug-14,2014-08-25T10:26:00Z,10:26:00,25-Aug-14,20.91388889,31,2,0,0,0,0,47,4,0,medium,NA,"right side, 580",NA
TP-074,23,300,652796,42484,342,2014-08-04T12:20:00Z,12:20:00,4-Aug-14,2014-08-25T10:43:00Z,10:43:00,25-Aug-14,20.93263889,33,1,0,0,0,0,15,2,0,medium,NA,"left side, 579",NA
TP-075,23,360,652754,42453,342,2014-08-04T12:09:00Z,12:09:00,4-Aug-14,2014-08-25T10:47:00Z,10:47:00,25-Aug-14,20.94305556,19,2,1,1,0,0,20,2,0,medium,NA,"right side, 580; migh not turn on",NA
TP-076,23,420,652745,42397,340,2014-08-04T12:03:00Z,12:03:00,4-Aug-14,2014-08-25T10:53:00Z,10:53:00,25-Aug-14,20.95138889,27,1,0,0,0,0,25,2,0,low,NA,"right, 577",NA
TP-077,23,480,652742,42344,333,2014-08-04T11:57:00Z,11:57:00,4-Aug-14,2014-08-25T11:00:00Z,11:00:00,25-Aug-14,20.96041667,12,3,1,0,0,0,1,0,0.5,dense,NA,"left side, 576",NA
TP-078,8,0,651690,41245,289,2014-08-05T12:46:00Z,12:46:00,5-Aug-14,2014-08-24T15:51:00Z,15:51:00,24-Aug-14,19.12847222,17,1,2,0,0,0,20,4,0,low,NA,"right, 670",NA
TP-079,8,60,651725,41205,267,2014-08-05T12:51:00Z,12:51:00,5-Aug-14,2014-08-24T15:55:00Z,15:55:00,24-Aug-14,19.12777778,25,1,0,0,0,0,34,4,0,low,NA,"right, 671",NA
TP-080,8,120,651779,41179,240,2014-08-05T13:02:00Z,13:02:00,5-Aug-14,2014-08-24T16:02:00Z,16:02:00,24-Aug-14,19.125,28,1,2,0,1,0,55,4,0,medium,NA,"left, 672",NA
TP-081,8,180,651795,41135,226,2014-08-05T13:20:00Z,13:20:00,5-Aug-14,2014-08-24T16:06:00Z,16:06:00,24-Aug-14,19.11527778,24,2,0,0,0,0,18,2,0,low,NA,"right, 673; closer to 200m",NA
TP-083,8,300,651854,41055,229,2014-08-05T13:44:00Z,13:44:00,5-Aug-14,2014-08-24T16:18:00Z,16:18:00,24-Aug-14,19.10694444,17,1,1,0,0,0,15,3,0,low,NA,"right, 675; showing B:__% error,but left it in the field on 14-Aug",NA
TP-084,8,360,651900,41024,230,2014-08-05T13:50:00Z,13:50:00,5-Aug-14,2014-08-24T16:25:00Z,16:25:00,24-Aug-14,19.10763889,18,1,2,0,0,0,36,2,0,low,NA,"right, 676",NA
TP-085,8,420,651928,40986,222,2014-08-05T13:57:00Z,13:57:00,5-Aug-14,2014-08-24T16:29:00Z,16:29:00,24-Aug-14,19.10555556,19,13,0,0,0,0,16,2,1,medium,NA,"right, 677",NA
TP-086,8,480,651969,40932,223,2014-08-05T14:22:00Z,14:22:00,5-Aug-14,2014-08-24T16:33:00Z,16:33:00,24-Aug-14,19.09097222,15,2,1,0,0,0,4,3,0,medium,NA,"right, 678",NA
TP-087,10,0,651836,42674,418,2014-08-03T14:22:00Z,14:22:00,3-Aug-14,2014-08-25T12:12:00Z,12:12:00,25-Aug-14,21.90972222,15,1,1,0,0,0,40,4,0,dense,NA,left,NA
TP-088,10,60,651887,42705,403,2014-08-03T14:55:00Z,14:55:00,3-Aug-14,2014-08-25T12:21:00Z,12:21:00,25-Aug-14,21.89305556,28,5,0,0,0,0,29,4,1,low,NA,right,NA
TP-090,10,180,651936,42788,360,2014-08-03T15:41:00Z,15:41:00,3-Aug-14,2014-08-25T12:36:00Z,12:36:00,25-Aug-14,21.87152778,12,3,2,0,0,0,2,1,0,low,NA,right,need to alter dates for some of the videos
TP-091,10,240,651933,42836,362,2014-08-03T15:49:00Z,15:49:00,3-Aug-14,2014-08-25T12:40:00Z,12:40:00,25-Aug-14,21.86875,15,2,0,0,0,0,12,1,0,medium,NA,right,NA
TP-092,10,300,651918,42896,365,2014-08-03T16:00:00Z,16:00:00,3-Aug-14,2014-08-15T11:05:00Z,11:05:00,15-Aug-14,11.79513889,25,2,0,0,0,0,20,4,0,medium,NA,"left, removed on Aug 15th to move camera to F4",NA
TP-093,10,360,651976,42908,382,2014-08-03T16:19:00Z,16:19:00,3-Aug-14,2014-08-25T12:57:00Z,12:57:00,25-Aug-14,21.85972222,23,10,0,0,0,0,20,4,1,medium,NA,right,NA
TP-094,10,420,651997,42976,410,2014-08-03T16:34:00Z,16:34:00,3-Aug-14,2014-08-25T01:10:00Z,1:10:00,25-Aug-14,21.35833333,25,1,0,1,0,0,32,4,0,medium,NA,left,NA
TP-095,10,480,652009,43032,412,2014-08-03T16:46:00Z,16:46:00,3-Aug-14,2014-08-15T10:19:00Z,10:19:00,15-Aug-14,11.73125,27,3,0,1,0,0,21,4,0,low,NA,"left, repositioned on 15 Aug 2014; weird on and off blinking on removal on 25 Aug 2014",NA
TP-096,75,0,652196,43991,427,2014-08-04T14:40:00Z,14:40:00,4-Aug-14,2014-08-25T18:03:00Z,18:03:00,25-Aug-14,21.14097222,17,18,0,1,0,0,10,3,1,medium,NA,right,NA
TP-098,75,120,652137,43920,419,2014-08-04T14:53:00Z,14:53:00,4-Aug-14,2014-08-25T17:48:00Z,17:48:00,25-Aug-14,21.12152778,35,2,2,0,0,0,21,4,0,medium,NA,left,NA
TP-099,75,180,652101,43865,418,2014-08-04T14:59:00Z,14:59:00,4-Aug-14,2014-08-20T20:01:00Z,20:01:00,20-Aug-14,16.20972222,28,1,0,0,0,0,3,3,0,low,NA,right; did not turn on during removal 25 Aug 2014 17:42,NA
TP-100,75,240,652060,43821,417,2014-08-04T15:04:00Z,15:04:00,4-Aug-14,2014-08-25T17:39:00Z,17:39:00,25-Aug-14,21.10763889,27,3,3,0,0,0,25,4,0,medium,NA,right,NA
TP-101,75,300,652031,43780,393,2014-08-04T15:10:00Z,15:10:00,4-Aug-14,2014-08-19T22:16:00Z,22:16:00,19-Aug-14,15.29583333,31,1,1,0,0,0,24,4,0,low,NA,right; did not turn on during removal 25 Aug 2014 16:47,NA
TP-102,75,360,651990,43744,380,2014-08-04T15:17:00Z,15:17:00,4-Aug-14,2014-08-25T16:51:00Z,16:51:00,25-Aug-14,21.06527778,30,2,2,0,0,0,11,3,0,medium,NA,right,NA
TP-104,75,480,651922,43658,353,2014-08-04T15:17:00Z,15:17:00,4-Aug-14,2014-08-19T16:07:00Z,16:07:00,19-Aug-14,15.03472222,25,1,0,0,0,0,25,2,0,medium,NA,right; blinking on and off! On Aug 18 2014; did not turn on during removal 25 Aug 2014,NA
TP-105,4,240,650467,42367,357,2014-08-12T08:25:00Z,8:25:00,12-Aug-14,2014-08-24T11:32:00Z,11:32:00,24-Aug-14,12.12986111,29,6,0,0,0,0,12,1,1,medium,NA,left,NA
TP-107,4,300,650451,42303,364,2014-08-15T15:04:00Z,15:04:00,15-Aug-14,2014-08-24T11:34:00Z,11:34:00,24-Aug-14,8.854166667,22,2,2,0,0,0,1,3,0,medium,NA,left side,NA
TP-108,79,0,661821,43223,225,2014-09-02T09:34:00Z,9:34:00,2-Sep-14,2014-09-19T10:34:00Z,10:34:00,19-Sep-14,17.04166667,17,1,1,0,0,0,20,4,0,dense,NA,left,NA
TP-109,79,60,661766,43224,206,2014-09-02T09:43:00Z,9:43:00,2-Sep-14,2014-09-18T12:17:00Z,12:17:00,18-Sep-14,16.10694444,21,3,0,0,0,0,23,4,0,stream,NA,right; said video card lock but flash turned on,NA
TP-110,79,120,661698,43210,206,2014-09-02T09:49:00Z,9:49:00,2-Sep-14,2014-09-19T10:27:00Z,10:27:00,19-Sep-14,17.02638889,17,1,1,0,0,0,31,4,0,low,NA,right,NA
TP-112,79,240,661595,43168,215,2014-09-02T10:08:00Z,10:08:00,2-Sep-14,2014-09-19T10:23:00Z,10:23:00,19-Sep-14,17.01041667,28,2,1,0,0,0,34,4,0,medium,NA,right,NA
TP-113,79,300,661531,43161,216,2014-09-02T10:20:00Z,10:20:00,2-Sep-14,2014-09-09T12:37:00Z,12:37:00,9-Sep-14,7.095138889,28,11,0,0,0,0,31,4,1,dense,NA,"right, did not turn on 11 Sep 16:08",Did not turn on 11 Sep 16:08
TP-114,79,360,661480,43174,215,2014-09-02T10:30:00Z,10:30:00,2-Sep-14,2014-09-19T10:15:00Z,10:15:00,19-Sep-14,16.98958333,34,2,0,0,0,0,31,4,0,medium,NA,right,NA
TP-115,79,420,661440,43150,227,2014-09-02T10:36:00Z,10:36:00,2-Sep-14,2014-09-19T10:12:00Z,10:12:00,19-Sep-14,16.98333333,25,1,1,0,0,0,35,4,0,medium,NA,left,NA
TP-116,79,480,661373,43168,233,2014-09-02T10:46:00Z,10:46:00,2-Sep-14,2014-09-19T10:06:00Z,10:06:00,19-Sep-14,16.97222222,20,1,0,0,0,0,33,4,0,medium,NA,left,NA
TP-117,77,0,662180,44055,146,2014-09-02T14:13:00Z,14:13:00,2-Sep-14,2014-09-18T17:19:00Z,17:19:00,18-Sep-14,16.12916667,20,7,0,0,0,0,40,4,0.5,medium,NA,"right; didn't turn on 7 Sep 10:18, same as 18 Sep 17:16",NA
TP-119,77,120,662108,44131,114,2014-09-02T14:34:00Z,14:34:00,2-Sep-14,2014-09-18T17:09:00Z,17:09:00,18-Sep-14,16.10763889,24,2,1,0,0,0,5,1,0,medium,NA,left,NA
TP-120,77,180,662070,44143,140,2014-09-02T14:42:00Z,14:42:00,2-Sep-14,2014-09-18T17:07:00Z,17:07:00,18-Sep-14,16.10069444,25,1,2,1,0,0,55,2,0,low,NA,right,NA
TP-121,77,240,662035,44215,165,2014-09-02T14:50:00Z,14:50:00,2-Sep-14,2014-09-18T17:05:00Z,17:05:00,18-Sep-14,16.09375,25,2,1,0,0,0,5,5,0,medium,NA,right,NA
TP-122,77,300,661990,44244,165,2014-09-02T15:00:00Z,15:00:00,2-Sep-14,2014-09-18T17:03:00Z,17:03:00,18-Sep-14,16.08541667,26,1,0,0,0,0,14,4,0,low,NA,left,NA
TP-123,77,360,661957,44289,176,2014-09-02T15:09:00Z,15:09:00,2-Sep-14,2014-09-18T16:59:00Z,16:59:00,18-Sep-14,16.07638889,15,2,1,0,0,0,18,4,0,medium,NA,left,NA
TP-125,77,480,661892,44391,181,2014-09-02T15:18:00Z,15:18:00,2-Sep-14,2014-09-18T16:56:00Z,16:56:00,18-Sep-14,16.06805556,18,2,0,0,0,0,10,3,0,medium,NA,right,NA
TP-126,78,0,662315,44550,168,2014-09-02T16:31:00Z,16:31:00,2-Sep-14,2014-09-20T09:35:00Z,9:35:00,20-Sep-14,17.71111111,17,1,1,0,0,0,21,4,0,medium,NA,left,NA
TP-127,78,60,662277,44580,160,2014-09-02T16:23:00Z,16:23:00,2-Sep-14,2014-09-20T09:27:00Z,9:27:00,20-Sep-14,17.71111111,17,1,0,0,0,0,14,4,0,medium,NA,left,NA
TP-128,78,120,662235,44610,146,2014-09-02T16:14:00Z,16:14:00,2-Sep-14,2014-09-20T09:26:00Z,9:26:00,20-Sep-14,17.71666667,16,1,1,0,0,0,33,4,0,medium,NA,right,NA
TP-130,78,240,662136,44596,155,2014-09-02T16:00:00Z,16:00:00,2-Sep-14,2014-09-14T13:27:00Z,13:27:00,14-Sep-14,11.89375,30,1,0,0,0,0,16,4,0,medium,NA,right,NA
TP-131,78,300,662079,44607,151,2014-09-02T15:54:00Z,15:54:00,2-Sep-14,2014-09-20T09:11:00Z,9:11:00,20-Sep-14,17.72013889,25,2,0,0,0,0,17,4,0,medium,NA,right,NA
TP-132,78,360,662023,44603,155,2014-09-02T15:48:00Z,15:48:00,2-Sep-14,2014-09-20T09:05:00Z,9:05:00,20-Sep-14,17.72013889,20,1,1,0,0,0,17,4,0,low,NA,left,NA
TP-133,78,420,661952,44612,153,2014-09-02T15:43:00Z,15:43:00,2-Sep-14,2014-09-20T08:56:00Z,8:56:00,20-Sep-14,17.71736111,15,5,1,0,0,0,21,4,0.5,medium,NA,right,NA
TP-134,78,480,661904,44608,159,2014-09-02T15:38:00Z,15:38:00,2-Sep-14,2014-09-20T08:50:00Z,8:50:00,20-Sep-14,17.71666667,17,1,0,NA,0,0,25,4,0,medium,NA,trail,NA
TP-135,81,0,661403,44114,104,2014-09-03T09:34:00Z,9:34:00,3-Sep-14,2014-09-19T15:57:00Z,15:57:00,19-Sep-14,16.26597222,23,2,3,0,0,0,3,1,0,medium,bamboo forest,right,NA
TP-136,81,60,661396,44058,105,2014-09-03T09:50:00Z,9:50:00,3-Sep-14,2014-09-19T16:02:00Z,16:02:00,19-Sep-14,16.25833333,25,6,1,0,0,0,28,1,0,medium,NA,left,NA
TP-137,81,120,661382,44009,119,2014-09-03T10:01:00Z,10:01:00,3-Sep-14,2014-09-19T16:06:00Z,16:06:00,19-Sep-14,16.25347222,16,1,2,0,0,0,13,2,0,medium,NA,left,NA
TP-138,81,180,661349,43957,131,2014-09-03T10:05:00Z,10:05:00,3-Sep-14,2014-09-19T16:09:00Z,16:09:00,19-Sep-14,16.25277778,28,2,1,1,0,0,40,4,0,medium,NA,left,NA
TP-139,81,240,661321,43913,145,2014-09-03T10:12:00Z,10:12:00,3-Sep-14,2014-09-04T18:50:00Z,18:50:00,4-Sep-14,1.359722222,25,2,1,0,0,0,27,4,0,low,NA,right; Cam 37 did not turn on on 14 Sep 11:26 so I replaced it with cam 60,NA
TP-140,81,300,661319,43856,153,2014-09-05T16:43:00Z,16:43:00,5-Sep-14,2014-09-19T16:18:00Z,16:18:00,19-Sep-14,13.98263889,20,6,1,0,0,0,35,4,1,medium,NA,little past end of first half of transect,NA
TP-141,81,360,661288,43911,151,2014-09-05T16:59:00Z,16:59:00,5-Sep-14,2014-09-19T16:28:00Z,16:28:00,19-Sep-14,13.97847222,27,1,0,1,0,0,39,4,1,low,NA,left,NA
TP-142,81,420,661308,43955,134,2014-09-03T10:52:00Z,10:52:00,3-Sep-14,2014-09-19T16:39:00Z,16:39:00,19-Sep-14,16.24097222,19,1,0,1,0,0,20,4,0,medium,NA,right,NA
TP-143,81,480,661327,43998,141,2014-09-05T17:16:00Z,17:16:00,5-Sep-14,2014-09-19T16:40:00Z,16:40:00,19-Sep-14,13.975,20,1,1,0,0,0,20,2,0,low,NA,"left, dead bird in front",NA
TP-144,89,0,661317,44542,137,2014-09-03T15:20:00Z,15:20:00,3-Sep-14,2014-09-20T16:51:00Z,16:51:00,20-Sep-14,17.06319444,27,7,1,0,0,0,25,2,0.5,medium,NA,right,NA
TP-145,89,60,661288,44579,139,2014-09-03T15:29:00Z,15:29:00,3-Sep-14,2014-09-20T16:46:00Z,16:46:00,20-Sep-14,17.05347222,20,2,0,0,0,0,22,2,0,dense,NA,left,NA
TP-146,89,120,661243,44634,153,2014-09-03T15:40:00Z,15:40:00,3-Sep-14,2014-09-20T16:40:00Z,16:40:00,20-Sep-14,17.04166667,16,3,1,0,0,0,30,2,0,medium,NA,left,NA
TP-147,89,180,661213,44665,183,2014-09-15T14:21:00Z,14:21:00,15-Sep-14,2014-09-20T16:36:00Z,16:36:00,20-Sep-14,5.09375,19,1,1,0,0,0,26,2,0,medium,NA,"left; did not turn on 15 Sep 13:22, changed with Cam 41 on 15 Sep 14:23","Did not turn on on 15 Sep 2014, didn't take any videos"
TP-149,89,300,661175,44751,166,2014-09-03T16:19:00Z,16:19:00,3-Sep-14,2014-09-20T16:26:00Z,16:26:00,20-Sep-14,17.00486111,35,2,0,2,0,0,26,4,0,medium,NA,right; did not turn on 15 Sep,NA
TP-150,89,360,661139,44797,179,2014-09-03T16:27:00Z,16:27:00,3-Sep-14,2014-09-20T16:20:00Z,16:20:00,20-Sep-14,16.99513889,24,1,3,0,0,0,25,4,0,medium,NA,right,NA
TP-151,89,420,661108,44834,153,2014-09-03T16:37:00Z,16:37:00,3-Sep-14,2014-09-20T16:16:00Z,16:16:00,20-Sep-14,16.98541667,24,2,0,0,0,0,20,4,0,medium,NA,trail,NA
TP-152,89,480,661080,44885,152,2014-09-03T16:45:00Z,16:45:00,3-Sep-14,2014-09-20T16:09:00Z,16:09:00,20-Sep-14,16.975,25,2,0,1,0,0,3,4,0,medium,NA,right,NA
TP-153,81,240,661321,43913,145,2014-09-08T11:29:00Z,11:29:00,8-Sep-14,2014-09-19T16:16:00Z,16:16:00,19-Sep-14,11.19930556,25,2,1,0,0,0,27,4,0,low,NA,right; Cam 37 did not turn on on 14 Sep 11:26 so I replaced it with cam 60,NA
TP-154,79,300,661531,43161,216,2014-09-11T16:11:00Z,16:11:00,11-Sep-14,2014-09-19T10:18:00Z,10:18:00,19-Sep-14,7.754861111,28,11,0,0,0,0,31,4,1,dense,NA,"right, 2nd half of TP after replacing batteries on 11 Sep",NA
TP-155,41,0,646356,38089,560,2014-09-30T10:53:00Z,10:53:00,30-Sep-14,2014-10-14T15:13:00Z,15:13:00,14-Oct-14,14.18055556,17,1,1,0,0,0,20,2,0,medium,NA,NA,NA
TP-156,41,60,646306,38075,552,2014-09-30T11:06:00Z,11:06:00,30-Sep-14,2014-10-14T15:10:00Z,15:10:00,14-Oct-14,14.16944444,21,2,0,0,0,0,32,2,0,medium,NA,NA,NA
TP-157,41,120,646280,38052,550,2014-09-30T11:19:00Z,11:19:00,30-Sep-14,2014-10-14T15:05:00Z,15:05:00,14-Oct-14,14.15694444,25,2,0,1,0,0,9,3,0,low,NA,NA,"semi-bad placement, looking too directly at the ground"
TP-158,41,180,646316,38015,545,2014-09-30T11:32:00Z,11:32:00,30-Sep-14,2014-10-14T15:01:00Z,15:01:00,14-Oct-14,14.14513889,45,3,1,1,0,0,7,3,0.5,medium,NA,NA,NA
TP-159,41,240,646348,37991,557,2014-09-30T11:47:00Z,11:47:00,30-Sep-14,2014-10-14T10:51:00Z,10:51:00,14-Oct-14,13.96111111,29,1,1,1,0,0,26,4,0,low,NA,NA,AM / PM mixed up
TP-160,41,300,646304,37964,542,2014-09-30T11:58:00Z,11:58:00,30-Sep-14,2014-10-14T11:30:00Z,11:30:00,14-Oct-14,13.98055556,19,1,1,1,0,0,9,3,0,low,NA,NA,NA
TP-162,41,420,646280,37911,530,2014-09-30T12:25:00Z,12:25:00,30-Sep-14,2014-10-14T13:31:00Z,13:31:00,14-Oct-14,14.04583333,35,1,1,0,0,0,31,2,0,medium,NA,NA,NA
TP-163,41,480,646331,37934,552,2014-09-30T12:37:00Z,12:37:00,30-Sep-14,2014-10-14T14:53:00Z,14:53:00,14-Oct-14,14.09444444,25,5,2,0,0,0,20,2,0,medium,NA,NA,NA
TP-164,13,0,646824,38567,552,2014-09-30T14:09:00Z,14:09:00,30-Sep-14,2014-10-14T16:38:00Z,16:38:00,14-Oct-14,14.10347222,16,2,1,0,1,0,40,2,0,low,NA,NA,NA
TP-165,13,60,646866,38544,550,2014-09-30T14:16:00Z,14:16:00,30-Sep-14,2014-10-14T16:38:00Z,16:38:00,14-Oct-14,14.09861111,23,2,1,0,0,0,10,1,0,low,NA,NA,NA
TP-166,13,120,646899,38492,542,2014-09-30T14:22:00Z,14:22:00,30-Sep-14,2014-10-14T16:33:00Z,16:33:00,14-Oct-14,14.09097222,27,1,1,0,0,0,30,2,0,medium,NA,NA,NA
TP-167,13,180,646953,38465,545,2014-09-30T14:31:00Z,14:31:00,30-Sep-14,2014-10-14T16:32:00Z,16:32:00,14-Oct-14,14.08402778,22,1,0,0,0,0,30,4,0,medium,NA,NA,NA
TP-168,13,240,646985,38433,549,2014-09-30T14:35:00Z,14:35:00,30-Sep-14,2014-10-14T16:29:00Z,16:29:00,14-Oct-14,14.07916667,32,1,1,0,0,0,23,4,0,low,NA,NA,NA
TP-169,13,300,647025,38396,551,2014-09-30T14:44:00Z,14:44:00,30-Sep-14,2014-10-14T16:24:00Z,16:24:00,14-Oct-14,14.06944444,28,5,0,0,0,0,31,4,0,medium,NA,NA,NA
TP-170,13,360,647063,38454,524,2014-09-30T14:51:00Z,14:51:00,30-Sep-14,2014-10-14T16:21:00Z,16:21:00,14-Oct-14,14.0625,24,1,1,0,0,0,19,2,0,medium,NA,NA,NA
TP-171,13,420,647075,38492,522,2014-09-30T14:57:00Z,14:57:00,30-Sep-14,2014-10-14T16:19:00Z,16:19:00,14-Oct-14,14.05694444,23,2,0,1,0,0,13,3,0,medium,NA,NA,NA
TP-173,12,0,646785,38676,542,2014-10-01T10:06:00Z,10:06:00,1-Oct-14,2014-10-15T14:56:00Z,14:56:00,15-Oct-14,14.20138889,9,4,0,0,0,0,35,4,1,dense,NA,NA,NA
TP-174,12,60,646787,38723,537,2014-10-01T10:12:00Z,10:12:00,1-Oct-14,2014-10-15T14:55:00Z,14:55:00,15-Oct-14,14.19652778,24,3,2,0,0,0,15,4,0,medium,NA,NA,NA
TP-175,12,120,646800,38783,533,2014-10-01T10:19:00Z,10:19:00,1-Oct-14,2014-10-15T14:52:00Z,14:52:00,15-Oct-14,14.18958333,29,2,0,0,0,0,10,3,0,medium,NA,NA,NA
TP-176,12,180,646806,38853,507,2014-10-01T10:24:00Z,10:24:00,1-Oct-14,2014-10-15T14:45:00Z,14:45:00,15-Oct-14,14.18125,21,15,1,0,0,0,6,3,1,dense,NA,NA,NA
TP-177,12,240,646826,38884,507,2014-10-01T10:32:00Z,10:32:00,1-Oct-14,2014-10-15T14:41:00Z,14:41:00,15-Oct-14,14.17291667,30,1,1,0,0,0,30,4,0,low,NA,NA,NA
TP-178,12,300,646856,38939,484,2014-10-01T10:38:00Z,10:38:00,1-Oct-14,2014-10-15T14:39:00Z,14:39:00,15-Oct-14,14.16736111,24,2,0,0,0,0,25,2,0,medium,NA,NA,NA
TP-179,12,360,646857,38996,494,2014-10-01T10:48:00Z,10:48:00,1-Oct-14,2014-10-15T14:36:00Z,14:36:00,15-Oct-14,14.15833333,32,2,1,0,0,0,10,3,0,medium,NA,NA,NA
TP-180,12,420,646830,39046,488,2014-10-01T10:56:00Z,10:56:00,1-Oct-14,2014-10-15T14:35:00Z,14:35:00,15-Oct-14,14.15208333,20,2,0,0,0,0,30,2,0,dense,NA,NA,NA
TP-181,12,480,646826,39088,472,2014-10-01T11:01:00Z,11:01:00,1-Oct-14,2014-10-15T14:30:00Z,14:30:00,15-Oct-14,14.14513889,26,1,0,0,0,0,21,2,0,medium,NA,NA,NA
TP-182,82,0,646619,36566,391,2014-10-02T12:20:00Z,12:20:00,2-Oct-14,2014-10-15T10:07:00Z,10:07:00,15-Oct-14,12.90763889,13,6,2,0,0,0,15,4,1,low,NA,NA,NA
TP-183,82,60,646652,36526,390,2014-10-02T12:15:00Z,12:15:00,2-Oct-14,2014-10-15T10:10:00Z,10:10:00,15-Oct-14,12.91319444,20,2,1,0,0,0,20,4,0,medium,NA,NA,NA
TP-184,82,120,646674,36469,389,2014-10-02T12:09:00Z,12:09:00,2-Oct-14,2014-10-15T10:19:00Z,10:19:00,15-Oct-14,12.92361111,25,1,2,1,0,0,30,4,0,low,NA,NA,semi-bad placement - pointed towards ground
TP-185,82,180,646693,36416,382,2014-10-02T12:00:00Z,12:00:00,2-Oct-14,2014-10-15T10:21:00Z,10:21:00,15-Oct-14,12.93125,25,2,0,0,0,0,15,4,0,low,NA,NA,NA
TP-186,82,240,646738,36376,369,2014-10-02T11:51:00Z,11:51:00,2-Oct-14,2014-10-04T11:40:00Z,11:40:00,4-Oct-14,1.992361111,28,2,1,1,0,0,20,4,0,medium,NA,NA,did not turn on 12-Oct-14 15:19
TP-187,82,300,646785,36327,360,2014-10-02T11:41:00Z,11:41:00,2-Oct-14,2014-10-15T10:49:00Z,10:49:00,15-Oct-14,12.96388889,28,7,1,0,0,0,26,4,1,low,NA,NA,NA
TP-188,82,360,646813,36277,360,2014-10-02T11:34:00Z,11:34:00,2-Oct-14,2014-10-15T11:30:00Z,11:30:00,15-Oct-14,12.99722222,26,2,0,0,0,0,10,5,0,medium,NA,NA,NA
TP-189,82,420,646848,36305,348,2014-10-02T11:09:00Z,11:09:00,2-Oct-14,2014-10-15T12:03:00Z,12:03:00,15-Oct-14,13.0375,26,1,2,0,0,0,8,3,0,low,NA,NA,NA
TP-190,82,480,646812,36360,345,2014-10-02T11:00:00Z,11:00:00,2-Oct-14,2014-10-15T12:35:00Z,12:35:00,15-Oct-14,13.06597222,34,2,0,0,0,0,26,4,0,low,NA,NA,NA
TP-191,87,0,644383,37083,554,2014-11-01T11:20:00Z,11:20:00,1-Nov-14,2014-11-16T09:06:00Z,9:06:00,16-Nov-14,14.90694444,8,2,1,0,1,0,12,4,0,dense,NA,NA,NA
TP-192,87,60,644429,37057,555,2014-11-01T11:27:00Z,11:27:00,1-Nov-14,2014-11-16T09:10:00Z,9:10:00,16-Nov-14,14.90486111,10,1,1,0,0,0,25,4,0,medium,NA,NA,NA
TP-193,87,120,644466,37031,548,2014-11-01T11:38:00Z,11:38:00,1-Nov-14,2014-11-16T09:11:00Z,9:11:00,16-Nov-14,14.89791667,14,3,0,0,0,0,16,4,0,dense,NA,NA,NA
TP-194,87,180,644509,36989,540,2014-11-01T11:45:00Z,11:45:00,1-Nov-14,2014-11-16T09:14:00Z,9:14:00,16-Nov-14,14.89513889,16,2,0,0,0,0,11,4,0,medium,NA,NA,NA
TP-195,87,240,644556,36955,535,2014-11-01T12:00:00Z,12:00:00,1-Nov-14,2014-11-16T09:17:00Z,9:17:00,16-Nov-14,14.88680556,16,9,1,0,0,0,31,2,1,dense,NA,NA,placement is kind of bad - facing the ground
TP-196,87,300,64495,36958,539,2014-11-01T12:11:00Z,12:11:00,1-Nov-14,2014-11-16T09:19:00Z,9:19:00,16-Nov-14,14.88055556,19,2,1,0,0,0,25,2,0,medium,NA,NA,NA
TP-197,87,360,644434,36963,532,2014-11-01T12:21:00Z,12:21:00,1-Nov-14,2014-11-16T09:20:00Z,9:20:00,16-Nov-14,14.87430556,20,13,0,0,0,0,4,3,0,dense,NA,NA,NA
TP-198,87,420,644463,36935,531,2014-11-01T12:29:00Z,12:29:00,1-Nov-14,2014-11-16T09:25:00Z,9:25:00,16-Nov-14,14.87222222,17,2,0,0,0,0,18,2,0,medium,NA,NA,NA
TP-199,87,480,644518,36921,527,2014-11-01T12:34:00Z,12:34:00,1-Nov-14,2014-11-16T09:28:00Z,9:28:00,16-Nov-14,14.87083333,21,1,1,0,0,0,25,2,0,low,NA,NA,NA
TP-200,39,0,644027,37846,621,2014-11-02T10:00:00Z,10:00:00,2-Nov-14,2014-11-16T12:04:00Z,12:04:00,16-Nov-14,14.08611111,23,6,0,0,0,0,20,4,0,low,NA,on a walking trail,NA
TP-202,39,120,644059,37737,592,2014-11-02T10:17:00Z,10:17:00,2-Nov-14,2014-11-16T11:57:00Z,11:57:00,16-Nov-14,14.06944444,30,8,0,0,0,0,30,4,0,medium,NA,NA,NA
TP-203,39,180,644086,37680,570,2014-11-02T10:24:00Z,10:24:00,2-Nov-14,2014-11-16T11:53:00Z,11:53:00,16-Nov-14,14.06180556,30,4,0,0,0,0,13,2,0,medium,NA,placed on a stream,NA
TP-204,39,240,644099,37653,597,2014-11-02T10:34:00Z,10:34:00,2-Nov-14,2014-11-16T11:50:00Z,11:50:00,16-Nov-14,14.05277778,25,2,1,1,0,0,15,2,0,medium,NA,NA,NA
TP-205,39,300,644139,37607,578,2014-11-02T10:39:00Z,10:39:00,2-Nov-14,2014-11-16T11:47:00Z,11:47:00,16-Nov-14,14.04722222,23,2,0,0,0,0,15,2,0,medium,NA,NA,NA
TP-206,39,360,644162,37559,574,2014-11-02T10:45:00Z,10:45:00,2-Nov-14,2014-11-16T11:45:00Z,11:45:00,16-Nov-14,14.04166667,25,1,0,0,0,0,12,2,0,medium,NA,NA,NA
TP-207,39,420,644184,37510,584,2014-11-02T10:52:00Z,10:52:00,2-Nov-14,2014-11-16T11:40:00Z,11:40:00,16-Nov-14,14.03333333,19,1,2,0,1,0,8,3,0,medium,NA,NA,NA
TP-208,39,480,644183,37432,560,2014-11-02T11:01:00Z,11:01:00,2-Nov-14,2014-11-16T11:35:00Z,11:35:00,16-Nov-14,14.02361111,23,2,0,0,0,0,15,2,0,medium,NA,NA,NA
TP-209,86,0,644640,36882,534,2014-11-02T11:41:00Z,11:41:00,2-Nov-14,2014-11-16T09:33:00Z,9:33:00,16-Nov-14,13.91111111,13,3,1,0,0,0,15,4,0,dense,NA,NA,NA
TP-210,86,60,644653,36836,532,2014-11-02T11:45:00Z,11:45:00,2-Nov-14,2014-11-16T10:15:00Z,10:15:00,16-Nov-14,13.9375,22,3,1,0,0,0,12,4,0,medium,NA,NA,NA
TP-211,86,120,644660,36782,524,2014-11-02T11:49:00Z,11:49:00,2-Nov-14,2014-11-16T10:13:00Z,10:13:00,16-Nov-14,13.93333333,21,1,1,0,0,0,21,4,0,low,NA,NA,NA
TP-212,86,180,644664,36730,516,2014-11-02T11:53:00Z,11:53:00,2-Nov-14,2014-11-16T10:12:00Z,10:12:00,16-Nov-14,13.92986111,30,1,1,1,0,0,20,2,0,low,NA,NA,NA
TP-213,86,240,644676,36661,494,2014-11-02T11:59:00Z,11:59:00,2-Nov-14,2014-11-16T10:08:00Z,10:08:00,16-Nov-14,13.92291667,26,3,0,0,0,0,30,2,0,medium,NA,NA,NA
TP-214,86,300,644670,36620,478,2014-11-02T12:06:00Z,12:06:00,2-Nov-14,2014-11-16T10:03:00Z,10:03:00,16-Nov-14,13.91458333,29,1,0,1,0,0,20,2,0,low,NA,NA,NA
TP-215,86,360,644689,36565,485,2014-11-02T12:11:00Z,12:11:00,2-Nov-14,2014-11-16T10:00:00Z,10:00:00,16-Nov-14,13.90902778,19,1,0,0,0,0,15,2,0,medium,NA,NA,NA
TP-216,86,420,644692,36519,472,2014-11-02T12:18:00Z,12:18:00,2-Nov-14,2014-11-16T09:55:00Z,9:55:00,16-Nov-14,13.90069444,19,1,0,0,0,0,20,2,0,dense,NA,NA,NA
TP-217,86,480,644679,36446,447,2014-11-02T12:24:00Z,12:24:00,2-Nov-14,2014-11-16T09:50:00Z,9:50:00,16-Nov-14,13.89305556,20,1,2,0,0,0,30,2,0,low,NA,NA,NA
TP-218,Bilsa,0,643034,36884,563,2014-11-02T13:57:00Z,13:57:00,2-Nov-14,2014-11-17T13:41:00Z,13:41:00,17-Nov-14,14.98888889,11,1,0,0,0,0,35,4,0,dense,NA,NA,NA
TP-219,Bilsa,60,643022,36928,546,2014-11-02T14:04:00Z,14:04:00,2-Nov-14,2014-11-17T13:38:00Z,13:38:00,17-Nov-14,14.98194444,30,2,0,0,0,0,9,3,0,medium,NA,NA,NA
TP-220,Bilsa,120,643008,36977,546,2014-11-02T14:10:00Z,14:10:00,2-Nov-14,2014-11-04T07:31:00Z,7:31:00,4-Nov-14,1.722916667,28,2,1,0,0,0,24,4,0,medium,NA,on transect,NA
TP-221,Bilsa,180,642990,37030,537,2014-11-02T14:15:00Z,14:15:00,2-Nov-14,2014-11-17T13:30:00Z,13:30:00,17-Nov-14,14.96875,20,1,0,0,0,0,6,3,0,medium,NA,NA,NA
TP-222,Bilsa,240,642980,37069,527,2014-11-02T14:20:00Z,14:20:00,2-Nov-14,2014-11-17T13:27:00Z,13:27:00,17-Nov-14,14.96319444,30,1,0,1,0,0,12,2,0,medium,NA,NA,NA
TP-223,Bilsa,300,642979,37150,520,2014-11-02T14:28:00Z,14:28:00,2-Nov-14,2014-11-17T13:20:00Z,13:20:00,17-Nov-14,14.95277778,30,1,0,0,0,0,25,2,0,medium,NA,NA,NA
TP-224,Bilsa,360,642972,37192,532,2014-11-02T14:35:00Z,14:35:00,2-Nov-14,2014-11-17T13:15:00Z,13:15:00,17-Nov-14,14.94444444,18,5,0,1,0,0,25,2,0,medium,NA,NA,date messed up for the last two videos
TP-225,Bilsa,420,642951,37241,540,2014-11-02T14:41:00Z,14:41:00,2-Nov-14,2014-11-17T13:12:00Z,13:12:00,17-Nov-14,14.93819444,34,1,1,0,0,0,30,2,0,low,NA,NA,NA
TP-226,Bilsa,480,642949,37296,536,2014-11-02T14:48:00Z,14:48:00,2-Nov-14,2014-11-17T13:09:00Z,13:09:00,17-Nov-14,14.93125,30,1,0,0,0,0,13,2,0,medium,NA,NA,NA
TP-227,34,0,643250,36555,575,2014-11-03T15:41:00Z,15:41:00,3-Nov-14,2014-11-17T12:08:00Z,12:08:00,17-Nov-14,13.85208333,15,1,0,0,0,0,15,4,0,medium,NA,NA,NA
TP-228,34,60,643297,36552,564,2014-11-04T15:30:00Z,15:30:00,4-Nov-14,2014-11-17T12:07:00Z,12:07:00,17-Nov-14,12.85902778,22,2,1,0,0,0,23,4,0,low,NA,NA,"didn?t trn on 4 Nov 14 15:30, changed out with 25"
TP-229,34,120,643367,36540,562,2014-11-03T15:50:00Z,15:50:00,3-Nov-14,2014-11-17T12:04:00Z,12:04:00,17-Nov-14,13.84305556,33,2,1,1,0,0,4,5,0,medium,NA,NA,NA
TP-230,34,180,643401,36517,551,2014-11-03T15:54:00Z,15:54:00,3-Nov-14,2014-11-17T12:01:00Z,12:01:00,17-Nov-14,13.83819444,15,2,0,0,0,0,13,4,0,low,NA,on cattle trail,NA
TP-231,34,240,643451,36511,556,2014-11-03T15:59:00Z,15:59:00,3-Nov-14,2014-11-17T11:58:00Z,11:58:00,17-Nov-14,13.83263889,25,2,1,1,0,0,8,5,0,medium,NA,NA,NA
TP-232,34,300,643497,36520,543,2014-11-03T16:05:00Z,16:05:00,3-Nov-14,2014-11-17T11:55:00Z,11:55:00,17-Nov-14,13.82638889,22,3,1,0,0,0,23,4,0,low,NA,NA,NA
TP-233,34,360,643575,36505,535,2014-11-03T16:13:00Z,16:13:00,3-Nov-14,2014-11-17T11:53:00Z,11:53:00,17-Nov-14,13.81944444,17,1,1,0,0,0,13,5,0,medium,NA,NA,NA
TP-234,34,420,643628,36507,526,2014-11-03T16:18:00Z,16:18:00,3-Nov-14,2014-11-17T11:51:00Z,11:51:00,17-Nov-14,13.81458333,31,6,1,0,0,0,14,5,0,medium,NA,NA,NA
TP-235,34,480,643664,36499,506,2014-11-03T16:24:00Z,16:24:00,3-Nov-14,2014-11-17T11:49:00Z,11:49:00,17-Nov-14,13.80902778,22,7,2,0,0,0,20,4,0,medium,NA,NA,NA
TP-236,58,0,656716,40943,232,2014-11-30T12:30:00Z,12:30:00,30-Nov-14,2014-12-16T12:58:00Z,12:58:00,16-Dec-14,16.01944444,6,6,1,0,0,0,26,4,0,dense,NA,NA,NA
TP-237,58,60,656686,40899,238,2014-11-30T12:36:00Z,12:36:00,30-Nov-14,2014-12-16T13:01:00Z,13:01:00,16-Dec-14,16.01736111,33,1,0,1,0,0,43,4,0,medium,NA,NA,NA
TP-238,58,120,656667,40869,234,2014-11-30T12:42:00Z,12:42:00,30-Nov-14,2014-12-16T13:05:00Z,13:05:00,16-Dec-14,16.01597222,24,1,2,0,0,0,41,4,0,low,NA,NA,NA
TP-239,58,180,656617,40835,226,2014-11-30T13:00:00Z,13:00:00,30-Nov-14,2014-12-16T13:08:00Z,13:08:00,16-Dec-14,16.00555556,28,1,2,0,0,0,25,4,0,low,NA,NA,"time on removal video is wrong, but it seems like the others are ok"
TP-241,58,300,656570,40832,199,2014-11-30T13:37:00Z,13:37:00,30-Nov-14,2014-12-16T13:18:00Z,13:18:00,16-Dec-14,15.98680556,25,1,1,0,0,0,23,4,0,medium,NA,NA,NA
TP-242,58,360,656592,40908,204,2014-11-30T13:43:00Z,13:43:00,30-Nov-14,2014-12-16T13:20:00Z,13:20:00,16-Dec-14,15.98402778,21,1,1,0,0,0,43,4,0,medium,NA,NA,NA
TP-243,58,420,656642,40935,206,2014-11-30T13:50:00Z,13:50:00,30-Nov-14,2014-12-16T13:22:00Z,13:22:00,16-Dec-14,15.98055556,24,1,0,0,0,0,26,2,0,medium,NA,NA,NA
TP-244,58,480,656616,40951,189,2014-11-30T14:00:00Z,14:00:00,30-Nov-14,2014-12-16T13:24:00Z,13:24:00,16-Dec-14,15.975,34,3,0,0,0,0,19,2,0,medium,NA,NA,NA
TP-245,24,0,655923,40691,189,2014-11-30T14:58:00Z,14:58:00,30-Nov-14,2014-12-16T12:07:00Z,12:07:00,16-Dec-14,15.88125,20,4,1,0,0,0,27,4,0,medium,NA,NA,NA
TP-246,24,60,655882,40671,211,2014-11-30T15:03:00Z,15:03:00,30-Nov-14,2014-12-16T12:05:00Z,12:05:00,16-Dec-14,15.87638889,25,2,2,0,0,0,10,3,0,low,NA,NA,NA
TP-247,24,120,655833,40673,220,2014-11-30T15:07:00Z,15:07:00,30-Nov-14,2014-12-16T12:04:00Z,12:04:00,16-Dec-14,15.87291667,27,2,1,0,0,0,25,4,0,medium,NA,NA,NA
TP-248,24,180,655782,40689,236,2014-11-30T15:14:00Z,15:14:00,30-Nov-14,2014-12-16T12:01:00Z,12:01:00,16-Dec-14,15.86597222,31,1,0,0,0,0,24,4,0,medium,NA,NA,NA
TP-249,24,240,655742,40683,253,2014-11-30T15:20:00Z,15:20:00,30-Nov-14,2014-12-16T11:59:00Z,11:59:00,16-Dec-14,15.86041667,24,1,0,0,0,0,15,4,0,medium,NA,NA,NA
TP-250,24,300,655705,40647,251,2014-11-30T15:25:00Z,15:25:00,30-Nov-14,2014-12-16T11:57:00Z,11:57:00,16-Dec-14,15.85555556,35,1,0,0,0,0,15,3,0,low,NA,NA,NA
TP-252,24,420,655598,40647,244,2014-11-30T15:35:00Z,15:35:00,30-Nov-14,2014-12-16T11:50:00Z,11:50:00,16-Dec-14,15.84375,25,2,0,0,0,0,3,3,0,dense,NA,NA,NA
TP-253,24,480,655536,40653,268,2014-11-30T15:42:00Z,15:42:00,30-Nov-14,2014-12-16T11:46:00Z,11:46:00,16-Dec-14,15.83611111,30,1,1,0,0,0,10,5,0,low,NA,NA,NA
TP-254,56,0,656126,40608,198,2014-12-02T12:28:00Z,12:28:00,2-Dec-14,2014-12-10T10:12:00Z,10:12:00,10-Dec-14,7.905555556,7,12,0,0,0,0,23,4,0,dense,cacao forest,in a cacao farm,NA
TP-255,56,60,656110,40561,209,2014-12-02T12:34:00Z,12:34:00,2-Dec-14,2014-12-16T11:06:00Z,11:06:00,16-Dec-14,13.93888889,10,2,1,0,0,0,33,4,0,medium,NA,NA,NA
TP-256,56,120,656050,40536,208,2014-12-02T12:58:00Z,12:58:00,2-Dec-14,2014-12-16T11:00:00Z,11:00:00,16-Dec-14,13.91805556,28,3,0,0,0,0,30,2,0,medium,NA,NA,NA
TP-257,56,180,656022,40491,231,2014-12-02T13:02:00Z,13:02:00,2-Dec-14,2014-12-16T10:58:00Z,10:58:00,16-Dec-14,13.91388889,30,1,2,1,0,0,33,4,0,low,NA,NA,NA
TP-258,56,240,655972,40471,220,2014-12-02T13:06:00Z,13:06:00,2-Dec-14,2014-12-16T10:55:00Z,10:55:00,16-Dec-14,13.90902778,25,7,0,0,0,0,44,4,0.5,medium,NA,NA,NA
TP-259,56,300,655946,40414,231,2014-12-02T13:12:00Z,13:12:00,2-Dec-14,2014-12-16T10:51:00Z,10:51:00,16-Dec-14,13.90208333,35,1,1,1,0,0,15,3,0,low,NA,NA,NA
TP-260,56,360,655897,40397,245,2014-12-02T13:18:00Z,13:18:00,2-Dec-14,2014-12-16T10:47:00Z,10:47:00,16-Dec-14,13.89513889,33,1,1,0,0,0,36,4,0,medium,NA,NA,NA
TP-261,56,420,655857,40376,265,2014-12-02T13:23:00Z,13:23:00,2-Dec-14,2014-12-16T10:44:00Z,10:44:00,16-Dec-14,13.88958333,23,1,1,0,0,0,25,4,0,low,NA,NA,NA
TP-262,56,480,655816,40342,287,2014-12-02T13:28:00Z,13:28:00,2-Dec-14,2014-12-16T10:40:00Z,10:40:00,16-Dec-14,13.88333333,24,1,0,0,0,0,34,4,0,medium,NA,NA,NA
TP-263,63,0,659529,42085,129,2014-12-02T15:42:00Z,15:42:00,2-Dec-14,2014-12-16T15:38:00Z,15:38:00,16-Dec-14,13.99722222,16,3,0,0,0,0,9,1,0,medium,NA,"before 0m, bird team put a mist-net directly in front of it",NA
TP-265,63,120,659605,42145,158,2014-12-02T15:54:00Z,15:54:00,2-Dec-14,2014-12-16T15:43:00Z,15:43:00,16-Dec-14,13.99236111,17,6,1,0,0,0,1,5,0,medium,NA,NA,NA
TP-266,63,180,659648,42170,164,2014-12-02T15:58:00Z,15:58:00,2-Dec-14,2014-12-16T15:45:00Z,15:45:00,16-Dec-14,13.99097222,21,2,0,0,0,0,28,4,0,low,NA,NA,missing!
TP-267,63,240,659689,42205,160,2014-12-02T16:02:00Z,16:02:00,2-Dec-14,2014-12-16T15:48:00Z,15:48:00,16-Dec-14,13.99027778,22,2,1,0,0,0,37,4,0,medium,NA,NA,NA
TP-268,63,300,659686,42259,168,2014-12-02T16:06:00Z,16:06:00,2-Dec-14,2014-12-16T15:51:00Z,15:51:00,16-Dec-14,13.98958333,19,1,1,0,0,0,4,5,0,medium,NA,NA,NA
TP-269,63,360,659674,42305,173,2014-12-02T16:10:00Z,16:10:00,2-Dec-14,2014-12-16T15:53:00Z,15:53:00,16-Dec-14,13.98819444,19,4,0,1,0,0,31,4,0,medium,NA,NA,NA
TP-270,63,420,659682,42371,184,2014-12-02T16:15:00Z,16:15:00,2-Dec-14,2014-12-16T15:55:00Z,15:55:00,16-Dec-14,13.98611111,20,1,0,0,0,0,34,4,0,medium,NA,NA,NA
TP-271,63,480,659672,42409,183,2014-12-02T16:19:00Z,16:19:00,2-Dec-14,2014-12-16T15:57:00Z,15:57:00,16-Dec-14,13.98472222,20,3,0,0,0,0,15,4,0,medium,NA,NA,NA
